Error_metric,Train,Test
Accuracy,0.8839,0.8187842851254082
Precision,0.8411231562111249,0.0702970297029703
Recall,0.9466,0.8402366863905325
