Error_metric,Train,Test
Accuracy,0.9855,0.9286235215778292
Precision,0.9729203195012663,0.16994700984102953
Recall,0.9988,0.8856015779092702
