Error_metric,Train,Test
Accuracy,1.0,0.8299140691885721
Precision,1.0,0.07387260922968943
Recall,1.0,0.8303747534516766
