Error_metric,Train,Test
Accuracy,0.883,0.8941877794336811
Precision,0.8895443449959316,0.09478808705612829
Recall,0.8746,0.6528599605522682
