Error_metric,Train,Test
Accuracy,1.0,0.7543203221612709
Precision,1.0,0.05777452058140955
Recall,1.0,0.9329388560157791
