Error_metric,Train,Test
Accuracy,1.0,0.8260455972349938
Precision,1.0,0.07247123475871543
Recall,1.0,0.8323471400394478
