Error_metric,Train,Test
Accuracy,1.0,0.8259821796619843
Precision,1.0,0.07215255110805703
Recall,1.0,0.8284023668639053
