Error_metric,Train,Test
Accuracy,1.0,0.8187842851254082
Precision,1.0,0.0702970297029703
Recall,1.0,0.8402366863905325
