Error_metric,Train,Test
Accuracy,1.0,0.8298506516155627
Precision,1.0,0.07294779398839867
Recall,1.0,0.8185404339250493
