Error_metric,Train,Test
Accuracy,0.8903,0.8260455972349938
Precision,0.8497938698691522,0.07247123475871543
Recall,0.9482,0.8323471400394478
