Error_metric,Train,Test
Accuracy,0.8848,0.8298506516155627
Precision,0.8454219030520647,0.07294779398839867
Recall,0.9418,0.8185404339250493
