Error_metric,Train,Test
Accuracy,0.8907,0.8259821796619843
Precision,0.8509071313095025,0.07215255110805703
Recall,0.9474,0.8284023668639053
