Error_metric,Train,Test
Accuracy,0.9883,0.9383264102482798
Precision,0.9791952894995093,0.18101153504880213
Recall,0.9978,0.8047337278106509
