Error_metric,Train,Test
Accuracy,0.9873,0.9311285157117037
Precision,0.9763440860215054,0.17237308146399055
Recall,0.9988,0.863905325443787
