Error_metric,Train,Test
Accuracy,0.9867,0.9297650378919998
Precision,0.9746440413497172,0.1752851711026616
Recall,0.9994,0.9092702169625246
