Error_metric,Train,Test
Accuracy,0.9876,0.9309065542061705
Precision,0.976357952325127,0.17621998450813323
Recall,0.9994,0.8974358974358975
