Error_metric,Train,Test
Accuracy,0.9885,0.929511367599962
Precision,0.9777038920398983,0.17025365103766332
Recall,0.9998,0.873767258382643
