Error_metric,Train,Test
Accuracy,0.9884,0.9283381424992866
Precision,0.9773260359655981,0.16862003780718338
Recall,1.0,0.8796844181459567
